,query,pred
0,1632,0
2,1862,0
8,1933,1
14,1954,0
15,1955,0
18,1959,0
20,1971,0
23,1988,1
24,1990,1
27,'Two Towers' Sets,0
29,• Albert Sabin,1
30,+essays +Macbeth +Blood,0
31,+richard lamm +colorado,1
42,1967 Daytona 500,0
43,1971 events,1
46,1981 ali's last fight,0
48,1983 Calendar,1
49,1983 oscar for best song,1
51,1984 calendar,1
52,1984 cyndi lauper hit,0
53,1984 cyndi lauper song,0
56,1988 dakota shelby,0
59,1993 NASCAR Rookie of the Year,1
61,1998*lipinski,1
63,1999 STEPHEN KING NOVELS,1
66,2 player boxes from dots,1
69,2004 mtv music,1
70,2005 mtv movie award videos Jimmy Fallon,0
71,2PAC SHAKUR ,1
73,4 weddings and a funeral,1
76,5 burrows of new york city,1
77,50 cent,0
80,7 habits of highly effective people,0
84,A Chorus Line,0
85,a colombian poet,1
88,a list of all of michael jackson's music video,0
95,A Separate Peace themes,1
96,a song for you donny hathaway,1
97,A Study in Scarlet,1
105,aaron Brown,1
106,aaron burr,0
109,aaron russo,0
112,abbreviation rpa,1
113,ABC Family/ Gilmore Girls,0
114,ABC GENERAL HOSPITAL TIME LINE,1
117,Abigail and Brittany Hensel,0
118,abner doubleday,0
121,About George Fox,1
124,about Maynard Ferguson,1
127,abraham kuyper,1
129,Abraham Lincoln 1861.,0
131,Abraham Lincoln middle years,1
132,abraham Lincoln wikipedia,0
135,abram,0
140,Achebe's poems,1
143,Actor Charles Bronson,0
144,Actor David Janssen,0
145,Actors Alexis Bledel And Milo Ventimiglia Dating,0
148,actress kirshner,0
149,actress negri,0
150,Acts of the apostles,0
152,ADAM COPELAND,0
153,adam levine,0
155,adam sandler and wife,0
156,Adam Sandler's Movie Click,0
162,ADAMS REVOLVER,1
163,adenauer,0
164,ADINA HOWARD,1
168,adolf hitler short biography,0
173,adrianne curry wedding,0
174,Adrienne Barbeau,0
176,adrienne rich,0
178,Afghanistan in 2001 and detained,1
182,afton smith,0
183,Agatha Christie,0
184,Agatha Christie+books published,0
185,age limit for american idol 2006 auditions,1
189,ages for Generation X,0
193,Akhenaten,0
198,al gore pictures 2000,0
202,al pacino,0
208,alan moore batman,0
209,Alan Moore comic book covers,1
211,Albee,0
212,albert Camus,0
213,Albert Einstein,0
215,albert einstein professor nuclear physics,0
226,alec guiness,1
235,alexander bell,1
240,Alexander Hamilton,0
243,Alexander pope,0
245,alexander the great,1
247,alexis,0
249,alexis smith,0
252,alfred binet,0
253,ALfred Blalock,0
257,algernon,0
261,alice cooper,0
263,alice walker the writer,1
264,Alice Walton,0
265,alicia keys,0
266,Alison Waite,1
269,all eyez on me,0
271,ALL MY CHILDREN,1
274,All Summer in a Day short story by Ray Bradbury,0
277,all things anderson cooper,0
281,allen toussaint,1
284,allison pronounced in german,1
286,altercation between tony stewart and matt kenseth,1
293,amadeus,0
294,amanda blake,0
295,amanda bynes,0
296,amazing race + logo,0
298,amazing randi,1
300,ambient music online,1
310,american idiot,1
312,AMERICAN IDOL & TOP 40 SONGS,0
315,american idol 2002,0
317,american idol announcement,0
319,american idol auditions season,0
326,American Idol Logo,1
327,american idol rules,0
328,american idol season 1 contestants,0
333,american idol voting controversy,1
334,American Idol-Kellie Pickler,0
336,american numa numa lyrics,1
339,amityville killings,0
350,analysis of the da vinci code,0
352,ancient rome romulus omen,0
355,anderson cooper bio,1
356,Anderson Cooper Gloria Vanderbilt,0
360,Andrea Boccelli,1
369,andrew jackson,1
371,Andrew Jackson lead what era,1
373,Andrew Marvell,0
374,andrew mcmahon,0
375,andrew wyeth,0
377,Andrews Roy Chapman,1
378,andruw jones,0
379,Andy Armstrong Billie Joe,0
380,ANDY GIBB SONG LYRICS,1
381,Andy Goldsworthy,0
384,Andy Milonakis theme song free download,0
388,Andy Warhol's family,0
390,andy williams happy heart year recorded,1
391,ANG LEE,0
400,angelina jolie mother,0
401,Angelina jolie recent interviews,0
402,angelina jolie wikipedia,0
404,angelina jolie's pregnancy,0
405,angelou bio,0
408,angus young,0
409,animal farm,0
410,Animal Farm and the Russian Revolution,0
411,animal farm encyclopedia,0
412,animal fights line,1
417,animation for mtv's liquid tv,0
419,anita bryant,1
423,ann coulter,0
424,ann Curry,0
425,Ann Curry today show nbc,0
426,ANN HECHE,1
429,Anna Anderson,0
431,anna faris,1
441,anne frank (biography),0
449,Annie Broadway,1
450,ANNIE HALL,0
451,annie leibovitz,0
454,another sad love son braxton video,1
455,Anousheh Ansari,0
458,Anthony Hopkins,0
459,anthony kiedis,0
461,anti gravity,0
466,Antonio Banderas,0
467,antonio canova,0
469,antonio stradivari,0
472,Any Given Sunday,1
474,appetite for destruction,0
475,aqua teen hunger force,0
479,archibald cox,1
483,Archimedes- life and work,1
488,ariel sharon,0
489,aristotle,0
491,aristotle on truth,1
493,arizona's John McCain senator,0
497,Arms of the Man by George Bernard Shaw,1
502,Arnold Vosloo,0
504,Art Bell,0
505,art garfunkel songs,0
511,Arthur S. Krause,1
512,article on tom brokaw's wife,1
514,articles related to harold shipman,1
515,Artist Akon record label,0
519,asafa powell,0
523,ashley simpson,1
528,Atlas Shrugged,0
529,Attila,0
531,atwar bahjat,1
532,audie murphy,0
542,australian prime minister sonia mcmahon,0
550,axl rose,0
562,Babe Ruth homeruns Statistics 714 team,0
565,babe ruth's 1927 home run record,0
567,baby boom generation,0
570,baby boomers,1
578,backgammon,0
585,Banjo Paterson,0
590,Barbara Hershey,0
591,barbara streisand,0
594,barber of seville,0
601,BARRY WHITE,1
603,bart simpsons drawings,1
606,baruch plan,1
609,Bathsheba,0
612,Batman picture,1
617,beach mtv 1995 florida,1
618,beast Wars Maximals,0
621,beatrice straight,1
624,Beatty from fahrenheit 451,0
625,Beatty Ned,1
626,Bebel Gilberto,1
628,beckham,0
631,Before sunset,1
633,BELINDA STRONACH,1
637,ben 10,0
640,ben 10 episodes aliens,0
641,ben affleck biography,0
647,Ben Gibbard,0
648,ben harper,0
651,benedict arnold,0
652,benito,0
653,benito mussolini,0
655,benjamin bloom 1980,0
656,benjamin bratt,0
658,benjamin franklin,1
665,Benny Goodman,0
668,Benvenuto Cellini autobiography,0
672,Bernard Edwards,1
673,bernard goldberg,1
676,Bernard Malamud,1
677,bernie goetz,1
682,bessie smith,0
690,betty page,0
692,beverly hills cop soundtrack,0
696,Bible>undisputed letters of Paul,1
697,bibleman,1
698,biblical esther,0
699,biblical Mary Magdalena,1
704,big boi,0
708,big joe turner,1
715,bill belichick,0
721,Bill Cosby awards,0
722,Bill Cosby' son,0
723,bill cosby's ghettosburg address,0
728,Bill Gates before,1
731,bill gates family life,1
732,bill goldberg,0
737,billie holiday,1
738,Billie Jean King,0
740,Billie piper,1
741,billie piper and Doctor Who third series,0
742,billion,1
743,Billy Bragg,0
744,billy graham,0
746,billy idol discography,0
750,billy joel bio,1
752,billy martin,0
753,Billy Ocean,1
754,Billy Sunday,0
760,bio for Merv Griffin,0
762,Bio of Taylor Hicks,0
766,biography of ansel adams,0
775,biography of ray charles,1
776,biography of Senator Ted Kennedy,1
780,BIOGRAPHY ON PHILIP ROTH THE AUTHOR,1
782,biography on Simon Cowell,0
798,blind cleric muslim,1
801,bloody sunday and selma,0
803,bloomberg,0
805,BLOW ME UP TOM RADIO,1
806,blow on the dice roll 10 4,1
807,blue movie,1
809,Bo Jackson 40 yard dash speed,1
810,bo pickler,0
811,Bob Baer,0
814,Bob Barker,0
815,bob barker age,0
818,bob dylan guitar chords,1
819,bob dylan poem,0
824,bob griese,1
830,Bob Paris & Rod Jackson,1
831,bob ross,0
832,bob ross's bio,0
833,bob ross's paintings,0
835,bob sapp,0
837,bob seger 2006,0
838,Bob Seger discography,0
841,bob woodward and watergate,0
843,bobby brown,0
844,bobby brown and whitney houston,0
848,bobby sands ira,0
849,bobo brazil,0
853,bogart/bacall classic,0
860,BONANNO,0
862,BONANZA LYRICS,1
864,BONGO FURY,1
865,bonnie owens,1
868,book of baruch,1
869,book of common prayer,0
873,book of isaiah,1
877,Book of Matthew,1
878,Book of Proverbs,0
879,book of revelation,0
884,Books written by Agatha Christie 1920,0
886,bootleg,0
887,Borgia family,0
888,boris pasternak,0
889,bork,0
890,born again billy preston,1
897,botha,0
903,BRAD HALL PICTURE FROM SNL,0
904,brad henry,1
905,brad pitt,0
907,brady bunch songs,0
908,brahe -missing -memoriam,0
914,braveheart,0
915,brawley nolte,0
916,brazilian adriana,1
920,breakout,0
922,Brenda Richie,1
923,Bret Easton Ellis,0
928,brian adams songs,0
930,brian boitano,0
935,brian lewis sprinter,1
937,brian+blessed,0
939,Brigham Young,0
942,Britney Spears,0
944,broderick crawford,0
948,brooke shields movie,1
952,bruce lee's life,0
956,bruce springsteens,1
962,bubble boy,0
964,buck owens,0
966,bud selig,0
967,Buddy Guy,1
969,buddy holly songs,0
971,Buffett Foundation,0
972,Buffy angel Dawn,0
974,buffy the vampire books,0
977,bugs bunny and carmen miranda,0
978,bugsy siegel,0
980,Buju Banton (Jamaica Artist),0
989,burl ives song book,0
991,Burr vs. Hamilton Duel,1
992,burt bacharach,0
999,c-span interview with Thomas Friedman the world is flat,0
1000,cactuses,1
1001,caduceus maynard,0
1003,Caesar's way,0
1007,Calatrava Bridge,1
1018,Calvin stowe,1
1022,camille paglia,0
1025,Campbell’s Soup I by Andy Warhol,0
1027,canadian olympic gold medalists,0
1029,candice bergen,0
1031,capote,0
1033,Captain cook,1
1046,Carl Nielsen,1
1048,Carl Sagan,0
1052,carla conway,1
1053,carlo ciampi,1
1054,carlos menem,0
1058,Carly Simon,0
1059,carly simon +only does it better,1
1062,carmen electra video of her having sex,0
1066,carnegie,0
1067,Carol Joyce Oates,0
1068,carol wimber,1
1069,Carole Bouquet,0
1076,carrie underwood some hearts CD cover,0
1083,Cary Elwes,0
1084,CARY GRANT,0
1085,cary grant and randolph scott,0
1086,caryl chessman,1
1088,Cassandra Sheen,0
1092,cast of petticoat,1
1095,Castle in the Air by Diana Wynne Jones,0
1106,catcher in the rye- themes on social status,0
1109,catherine of aragon,0
1110,Catherine of Aragon's daughter Mary,0
1111,CATHERINE THE GREAT,1
1112,Catherine the great of russia,1
1115,cece winans,1
1116,cecil rhodes,0
1119,Cena,0
1124,Cervical Cancer Cartwright,0
1130,chancellor helmut kohl,0
1133,Chapelle: Is Wayne Brady Gonna Have To Fuck A Bitch,0
1136,characters in Rigoletto,0
1137,characters in the book of Acts,1
1146,CHARLES BRONSON,0
1148,CHARLES CARROLL,1
1150,charles darwin,0
1152,Charles E Bolles,1
1154,charles goodyear,0
1157,Charles II,1
1161,charles keating,1
1166,Charles Lucky Luciano,0
1168,charles manson,0
1170,Charles Martel,0
1174,charles starkweather,0
1175,Charles Sumner wikipedia,0
1180,charmed,0
1181,charmed ending,1
1182,Charmed Final Season,1
1184,CHARMED LAST SHOW,1
1186,charmed ones,1
1187,charmed season 5 release date,0
1188,charmed season finale,0
1191,Chaucer,0
1192,chaucer character dialect,1
1199,cheers characters,1
1200,chef,0
1202,chelsea charms,0
1203,Chelsea Clinton,0
1204,cheney,0
1205,cher,0
1207,chess,0
1209,chester barnard,1
1210,chester bennington,0
1211,Chesty Puller,0
1212,chet atkins,1
1214,cheyenne woods,0
1222,chirac president of france,1
1226,Chopsticks and Liberace,0
1229,chris daugherty,1
1234,chris Daughtry christian song,1
1243,chris penn,0
1244,chris penn footloose pictures,0
1245,CHRIS ROCK,1
1251,Christian Huygens,1
1252,Christina aguilera,0
1254,Christina Georgina Rossetti,1
1257,Christina Rossetti,0
1258,christina rossetti and poetry,0
1259,Christine Gregoire,1
1260,Christine Jorgensen,0
1265,christopher columbus death,0
1267,Christopher Columbus Park in puerto rico,0
1269,CHRISTOPHER CRAWFORD,1
1274,christopher sarantakos,1
1275,Christopher Sholes,1
1276,CHRISTOPHER SNOW KOONTZ,1
1278,christopher walken dennis hopper,0
1279,Chrysostom,0
1280,chubby checker,0
1283,chuck liddell,0
1284,chuck noll,1
1285,chuck norris,0
1286,chuck norris & his family,0
1290,CHUDNEY ROSS,1
1292,church split over Da Vinci code,0
1294,ciara,0
1295,cilla black,0
1302,Civilization IV game help guide sites,1
1303,Claire danes,0
1306,Clapton graffiti Stratocasters: CRASH,0
1311,Clarence Thomas Pubic Hair Coke,0
1312,clark gable,0
1314,classic diablo 2 items,1
1315,classic poet archibald,1
1318,Claude Monet,1
1319,claudia schiffer,0
1320,claudius,0
1324,Cleopatra and mark anthony the play,1
1337,Clyde william tombaugh,1
1339,coco chanel,0
1340,coco lee,1
1341,code lyoko,0
1343,colbert,0
1345,colbert speech,1
1346,colbert speech press,1
1348,coleridge,0
1350,colin mochrie,0
1353,colin powell information,0
1354,colon cancer tony snow,1
1360,Columbus thought he landed,0
1362,COME ONE COME ALL INTO 1984 LYRICS,1
1367,compositions of the baroque period,1
1368,computer chip designer,1
1369,concussion,0
1371,confucius,0
1372,confucius ethical principles,0
1378,constantine maroulis,0
1382,contributions of Jackie Kennedy,1
1383,conundrum,0
1389,cooper anderson,1
1390,COOPER ANDERSON - GLORIA VANDERBILT,0
1393,cordell hull,0
1397,coriolanus,0
1405,coulter,0
1407,count of monte cristo,0
1411,country western old time music,1
1418,Craig Ferguson,0
1423,Creation of the Incan Gods,1
1428,cricket power play,1
1429,crime committed by pamela Rogers,1
1439,croce jim,0
1440,cromwell,0
1443,cruikshank,0
1445,cruz bustamante,1
1449,Curie Unit,1
1450,current generation's name,0
1455,cy young how many wins?,1
1460,Cyrus the Great,0
1461,Cytherea,0
1462,czar alexander II,1
1464,Czar Nicholas 11,1
1465,czar nicholas II,1
1467,d20 modern,1
1469,da vinci code,0
1472,da vinci code movie main page,1
1473,da vinci code oh lame saint,0
1474,da vinci code shea,0
1478,Da Vinci inventions,0
1480,da vinci mona lisa portrait,0
1481,da vinci mona lisa self portrait,0
1484,da vinci's mary of the rocks,0
1485,da vinci's mona lisa painting,0
1486,da vinci+angel+florence,0
1487,Daddy Day Camp Eddie Murphy,0
1491,dakota fanning,0
1492,dakota fanning and elle fanning,0
1500,dan brown biography,1
1505,Dan Snyder Hockey Player,0
1510,DANCING WITH THE STARS,1
1511,dandridge of cleveland ohio,1
1514,Dane Cook Stand up,0
1516,danica patrick,0
1517,danica patrick commercials,1
1522,Daniel DeFoe,0
1527,daniel ortega,0
1529,daniel radcliffe,0
1530,Daniel Webster in the Civil War,0
1531,Daniel Williams,1
1538,Danny Phantom Ghoul's Out,0
1539,Danny Phantom School's Out Ghoul's Out,0
1541,dante brutus why,0
1543,dario argento,0
1547,darla from little rascals movie,0
1553,dave chapelle,1
1557,DAVE GROHL PROJECT,0
1567,david beckham,0
1568,David Blade,1
1572,david blaine on television,0
1574,David Blaine the magician,0
1575,david blaine water,0
1580,david bowie songs,0
1582,david coverdale,0
1583,david crosby,0
1588,David Gilmour Lap Steel,0
1589,david glass,1
1590,david hampton,1
1591,David Hearst,1
1593,david hicks,0
1594,David Hockney,0
1595,david hume,0
1598,david koechner,0
1605,david miller,1
1609,david riche,1
1611,david schwimmer,0
1612,david schwimmer of Friends fame,0
1616,DAVID VON ERICH,0
1618,david wood basketball player,1
1619,DAVINCI CODE SPOILER,1
1622,dawes plan,0
1623,dawkins,0
1627,days of our lives,0
1629,de Chardin,0
1632,de laurentiis,0
1633,de vinci code paperback book,1
1638,deal or no deal .com,1
1639,deal or no deal christmas,1
1640,deal or no deal contestant,1
1645,dean koontz,0
1654,Debbie LaFave photos,1
1656,debra lafave,0
1659,Decius,1
1663,degrees of seperation,0
1665,Deion Sanders 40 speed,1
1667,Del Shannon's song lyrics,0
1668,Della Beatrice Robinson,1
1671,Demi Moore's husband,0
1679,Derek Bok,1
1689,despot,1
1693,diablo 2 1.07 runewords,1
1694,Diablo-The Game battle net,1
1695,Diamonds And Rust Joan Baez,0
1699,diana ross,0
1700,diana ross and the supremes stop in the name of love dance video,0
1701,diana ross's daughters,0
1704,Diane Keaton Biography,0
1705,diane keaton pictures,0
1706,DIANE SAWYER,0
1712,dick dale music,0
1713,Dick Morris,0
1716,Dick Van Dyke Wikipedia,0
1722,die fledermaus,0
1726,diem in vietnam,0
1728,DiFranco,0
1733,digimon.tv,0
1738,dimebag solos,1
1741,Diocletian,0
1744,directions to chinese checkers,1
1755,dita von teese,0
1756,Dixie McCall RN,1
1757,dj quik,1
1761,doc holliday on wikipedia,0
1762,doctor,0
1763,doctor who,0
1769,Domenico Ghirlandaio:,0
1775,don carlos buell,0
1778,don herbert,1
1786,don Quijote english version,1
1788,don reno,1
1795,donald trump,0
1798,donald trump bankruptcy,0
1799,donald trump wedding,0
1800,donald trump's family,0
1803,Donna Reed,0
1804,donne,0
1806,donnie van zant,0
1809,donovan songs,1
1816,dora the explorer,0
1820,Dorothea Bon Jovi,0
1824,dorothy hamill camel,0
1830,double dragon video game,0
1834,doug funny bluffington the mayor,1
1835,Doug Martsch,1
1838,Dr Seuss The Sneetches,0
1841,Dr. Spock,1
1842,dr. who,0
1843,Dr. William Marston,1
1844,Dr. William Marston LIE DETECTOR,1
1846,DR.Mengele,1
1849,dracula movies,1
1864,dryden,0
1866,duchess of parma,0
1867,duck hunt,0
1868,duck hunt games,0
1869,duck soup 1935,0
1870,duck tales cartoon characters,1
1871,Duckling,0
1874,Duke Ellington,0
1876,dukes of hazzard ashtray,0
1878,dungeon keeper,0
1879,dungeon keeper 2,0
1880,Dungeon Keeper 3,0
1883,dusty foggo,1
1887,dweezil zappa,0
1888,Dwight Live,1
1889,dwight yorke,0
1890,dylan,0
1894,earl warren,0
1898,early life of nelson mandela,0
1901,Ecclesiastes,0
1902,Ecco the Dolphin,0
1904,ecstasy,0
1905,Ed Gein,0
1908,eddie albert,0
1910,eddie mathews,1
1912,eddie murphy characters,0
1920,edgar allan poe,0
1923,edgar allen poe life compared to his works,0
1927,Edith Stein,0
1934,edward abbey,0
1940,edward II,1
1944,Edward Norton,0
1948,Edwin Hubble,0
1952,Ehud Olmert,0
1957,El Greco,0
1965,eleanor roosevelt photos as a young woman,0
1968,elias howe,0
1969,Elie Wiesel,0
1970,elie Wiesel's night,0
1972,Elijah Muhammad,0
1974,elijah wood,0
1975,elijah wood dating?,1
1976,Elin Nordegren,0
1979,Elisha the prophet,1
1980,elizabeth barrett,1
1981,Elizabeth Berkley,0
1982,elizabeth bowen biography,1
1983,Elizabeth browning,1
1984,Elizabeth George Speare,1
1985,elizabeth hulette,1
1994,elizabeth the great,1
1996,elizabeth vargas anchor woman,1
1997,Elizabeth's I of England brother,0
2002,elliot smith,1
2003,ellison boat,0
2009,elvin bishop,1
2020,elvis presley's color of his eyes,0
2021,Emancipation,0
2022,Emanuel Swedenborg,0
2026,emily dickenson,1
2029,emily dickinson's different categories of poetry,0
2033,eminem cries at proof funeral,0
2034,Eminem's say no to drugs song,0
2035,emma goldman,0
2041,emmett till,1
2042,Emmett Till case reopened,1
2044,Emmy Noether,0
2047,Emperor of Japan,1
2050,emperor under pope III,1
2052,en.wikipedia.org/wiki/1999,0
2055,endymion by keats,0
2057,eno,0
2058,enrico caruso,0
2059,enrico fermi,0
2061,Eragon characters for the movie,0
2063,eric and dylan,1
2069,eric harris columbine,0
2072,eric lane trapped in the closet,1
2074,Erica Hill,0
2077,erik erikson's eight stages,0
2082,erma bombeck,0
2085,ernest hemingway novels,0
2086,ernest hemingway wikipedia,0
2091,ernst,0
2092,ernst barlach,1
2094,esau,0
2100,espn sportscenter anchors,0
2108,ethan hawke in lord of war,0
2109,Ethelred,1
2110,ethics aristotle nic,0
2111,ethics leader reinhold,0
2122,Evangelion,0
2125,evel knievel,1
2127,events in 1956,0
2131,Events of James Buchanan,0
2137,exact location kryptos,1
2138,Exclamation Mark,0
2141,Exodus original author,1
2143,ezekiel,0
2144,Ezra,0
2145,ezra 7:10,1
2148,fabio lanzoni,0
2149,fabio's age,1
2151,facts about the mona lisa,0
2152,fahrenheit ### ####,0
2153,fahrenheit 451,0
2154,fairly oddparents episodes,0
2160,family guy,0
2163,famous french cities,1
2170,fantasy island los angeles,1
2171,faron young,0
2172,farrah,0
2175,fast and the furious 2,0
2177,fast times at ridgemont high 1986,1
2178,fast times at ridgemont high 1986 patrick dempsey,1
2180,fat joe,1
2184,fatboy,0
2187,Father of Geometry,1
2189,Fats Domino,0
2191,faulkner,0
2195,feldman michael,0
2199,fellini,0
2200,female country music stars,1
2203,Ferdinand Marcos,0
2205,Fernando de Magallanes,1
2207,fiddler on the roof,1
2208,fiddler on the roof voice categories lead roles,1
2210,Fidel Castro biography,0
2211,fidel castro propaganda,0
2212,fidel castro's city,0
2214,fifteen and pregnant songs from the movie,1
2218,final fantasy 11 notorious monster map,1
2219,final fantasy 7,1
2220,final fantasy 7 compilation,1
2221,final fantasy 7 info on the remake,1
2222,Final Fantasy 7: After Crisis,1
2224,final fantasy iii snes,0
2230,Final Fantasy Viii´s Seifer,0
2231,Final Fantasy X,0
2235,fiona apple,0
2238,first letter of christopher columbus,1
2239,FIRST MICKEY FEATURE,0
2244,fist north star motion picture,0
2248,FLDS Church,1
2250,Flintstones Pictures,0
2251,flip wilson,0
2258,Folsom Prison,0
2259,foo fighters + Dave grohl,0
2260,footloose song,1
2261,FORD COMMERCIALS AND AMERICAN IDOL AND CONTRACT,0
2267,fort abraham lincoln dakota territory,1
2269,Foster Brooks,0
2272,Fox Vicente,1
2277,frances hodgson burnett,0
2278,francesco redi,0
2280,francis crick,0
2283,Francis Scott Key,0
2288,franco harris,0
2291,Frank Bonner WKRP,1
2297,frank luke,1
2299,FRANK REYNOLDS,1
2301,frank sinatra birthday,0
2302,frank sinatra book on style,0
2306,Frank Zamboni,0
2309,Frankenstein romantic novel,1
2310,frankenstein themes,1
2314,franklin's wife,0
2317,Freak of the Week Ron Jeremy,0
2322,fred phelps,0
2324,freddie mercury,0
2329,Frederick Pohl,1
2335,free larry bird pictures,1
2339,free noises,1
2342,free picture of helen keller,1
2348,french and indian war,0
2357,friends elton john film,0
2367,full house the complete fourth season,1
2368,Fullmetal Alchemist,0
2370,fullmetal alchemist movie,0
2371,Fullmetal Alchemist: The valley of white Petals,0
2373,funeral of Martin Luther King,0
2376,Gacy,0
2380,galen,0
2381,galileo,0
2384,Galsworthy work,0
2386,Gamal speech,0
2391,garfield the cat,1
2393,garnett trade; lakers,0
2395,garth brooks,1
2396,gary becker,0
2400,gary cooper grave,1
2405,gary oldman,0
2409,gavin degraw,0
2412,GEAR JESSICA BEIL,1
2413,geena davis sitcom,0
2417,gemayel,1
2419,gen y,1
2422,gene pitney bio,0
2428,general douglas macarthur,0
2431,general mcdowell,1
2432,general omar bradley wikipedia,0
2433,general percival,1
2436,generation x,0
2439,generation y,0
2446,george baby face nelson,1
2447,George Bernard Shaw,0
2454,george galloway,0
2455,george gershwin,0
2460,george lincoln rockwell,0
2462,george mason,0
2464,george michael,0
2465,george michael faith album,1
2466,George Orwell family,0
2467,George Reeves,0
2468,George Sand,0
2469,George Santayana,0
2477,George Wallace in 1970s,0
2482,george washington carver inventions,0
2483,george washington carver's 300 uses for peanuts,0
2484,George Washington Carver's First Career,0
2485,george washington childhood,1
2486,George Washington Dixon,1
2492,Georges Perec,1
2493,Gerald Ford,0
2494,Gerald Ford Presidential Campaign,1
2496,geraldo,0
2499,German Field Marshals,1
2502,geronimo,0
2503,gershwin and musical,0
2504,gertrude stein,0
2507,Gev Joule,1
2509,ghengis khan,1
2510,ghost face Killah,1
2511,GHOSTBUSTERS,0
2516,gibson,0
2518,gilgamesh,0
2519,gillian welch,0
2521,Ginger Baker,0
2522,ginger.lynn,0
2524,Giovanni Gabrieli-wikipedia,0
2526,girolamo cardano equations,1
2531,GLEN DANZIG,1
2540,gloria trevi,0
2542,gloria vanderbilt & anderson cooper,0
2546,God is LOve Pope Benedict,0
2547,godot,1
2548,Godspell,0
2551,goebbels,0
2552,Goffman theory,0
2554,Gogol short story,0
2558,golden showers,1
2559,goldfinger,0
2561,goldwater scholarship,1
2562,Gone with the Wind,1
2564,gong show,0
2566,good morning america,0
2568,good times episodes,0
2571,good will hunting script,1
2572,Gorbachev,0
2574,Gordon Parks,0
2585,Goya,0
2587,goya The Family of Charles IV,0
2590,GRACE KELLY,0
2592,gran turismo 4 cars,0
2598,grease the musical,0
2599,Great Figure/ William Carlos William,1
2602,Greatest American Hero,0
2604,Greek poem Odyssey,1
2607,greg norman,1
2613,groucho marx,0
2614,grover cleveland,0
2616,Guglielmo Marconi,0
2622,gunsmoke one man's justice,0
2626,Gustav Klimt 1910,0
2628,gustav moreau images,1
2629,gustav vasa,1
2631,guy fawkes,0
2638,gwen stefani baby shower,0
2642,haig,0
2643,half blood prince,0
2648,Hallie Berry,1
2649,halliwell,0
2658,Hamlet quote To be or not to be,1
2660,hammer don't hurt em,0
2662,Hammurabi law code,0
2664,hank aaron jersey,0
2669,Hans Moravec Austria,1
2674,hardcore taylor rain,0
2676,Hardware,0
2681,harper lee,0
2683,harriet stowe,0
2690,harry potter seventh book,1
2691,harry potter spoilers,1
2693,harvard crimson--May 8 2006,1
2700,HAYDEN CHRISTENSEN,0
2709,heat vision and jack,1
2710,heather locklear,0
2713,Heidi girl of the alps,0
2714,Heinrich Himmler,0
2715,Helen Clark,0
2716,helen keller's early life,0
2724,hellraiser,0
2725,HELMSLEY,0
2729,Henri Dunant,1
2732,henri matisse,0
2734,Henri Théodore Fantin-latour,1
2737,Henry and the Paper Route by beverly cleary,0
2744,Henry Hank Aaron,1
2749,Henry Moore,0
2757,herbert hoover,0
2758,herbert hoover wikipedia,0
2759,Herbert Spencer,0
2760,herman hesse,1
2763,herod,0
2765,Heron of Alexandria,0
2766,Herschel Walker,0
2767,hesiod,0
2770,High School Musical 2,0
2771,high school musical gabriella and troy,0
2777,high school musical two auditions,1
2780,hilary clinton biography,1
2782,hilary duff,1
2783,Hilary Rodham Clinton First Career,1
2786,Hingis,0
2788,hippos,0
2789,Hirohito,0
2790,Hirsi Ali,0
2791,historical snow fall united states,1
2792,history and decline of the roman,0
2793,history baby boomers,1
2795,history of Antiochus Epiphanes,0
2797,history of arthur macarthur,1
2798,history of blind willie johnson,0
2799,History of Hagar,1
2802,history of Malcom x,1
2806,History of Poker,1
2808,history of the matt Groening,0
2810,history of winged victory of samothrace,0
2811,history of Yahoo Inc and Semel,1
2813,history on Leonardo Da Vinci mathematics,0
2814,history on rudolf diesel,0
2817,hitler in WWII,1
2825,Hobbit,0
2826,hoffa,0
2829,holden in the catcher in the rye,0
2830,holloway natalee,0
2832,home run record for a season,1
2834,Homer The Odyssey,1
2835,homerun record,1
2840,Horace,0
2841,Horace Epistle I 12 19,1
2843,Horatio Gates,0
2844,horatio luro,1
2845,horror rob zombie,0
2848,hosni mubarak,0
2853,house sale patron saint,1
2859,how long did jessie owens long jump,0
2862,how old is andy milonakis,0
2865,how old is Jane Fonda,0
2871,How the difference engine was made,0
2875,how to become reborn in ragnarok,1
2876,how to boxing,1
2877,How to contact Laurence Fishburn,0
2880,how to make friends and influence people,1
2882,howard hughes,0
2884,howard hughes mental,0
2888,Howard Stern and his side of censorship,1
2891,Howard Zinn,0
2892,howard zinn wiki,0
2895,howie mandel,0
2898,Hu Jintao,0
2904,Hugh Laurie & Jo Green,0
2906,hugo names,1
2913,hume perceptions,0
2915,Huxley,0
2920,I Wish by Stevie Wonder,0
2923,ibsen,0
2924,Ibsen plays,1
2926,ice ice baby,1
2935,Ignatius of Antioch.,0
2936,igor's hall of fame,0
2944,important dates in life william shakespeare,1
2953,Ina garten caterer,1
2955,india's prime minister,0
2956,indian and blue jacket,1
2957,indie film maker jim,0
2958,indira gandhi,0
2960,indira son,1
2962,info on Christopher Columbus's life,0
2972,inuyasha characters,0
2974,invader zim,0
2976,invulnerable cheats for halo combat evolved for pc,1
2979,Irina Slutskaya biography,1
2980,IRISH GANGS OF NEW YORK,0
2986,is 7th heaven being renewed,1
2988,is joan jett gay?,0
2994,Isaac Newton calculus,0
2995,Isabelle Dinoire,1
2996,Isabelle face transplant,0
3000,israeli prime ministers,1
3002,issac hayes,1
3008,ivan iv,1
3009,ivan lendl,0
3010,Ivan Milat,1
3011,ivan the terrible,0
3013,ivanhoe,0
3018,ja rule and aisha,1
3020,jack abramoff,0
3024,jack d. cash brother of johnny cash,0
3025,jack dempsey,0
3028,jack jack the incredibles,1
3029,Jack Johnson (Musician),0
3030,jack klugman,0
3033,jack the ripper,0
3034,Jack Valenti,1
3036,Jack Welch GE,0
3038,jackie chan,0
3040,jackie onassis fashion,0
3045,Jackie Titone Pictures,1
3046,jackie wilson,1
3047,Jackson 5 music videos,1
3048,jackson pollock,0
3049,jackson pollock she-wolf influence,0
3050,jackson song from walk the line,1
3054,jacobus de voragine,1
3055,Jacqueline Cochran - 1 woman to break the sound barrier,1
3058,jacques brel translated,0
3061,Jacques Cousteau Biography,0
3062,Jacques Piccard,1
3063,Jacques Villeneuve,1
3065,jake gyllenhaal,1
3070,JAMES BEARD,1
3082,James Coburn,0
3083,James cook,0
3086,James E. Marcia stages of development,1
3088,James Ellroy,0
3089,james frey biography,0
3094,james hetfield,0
3096,James Joyce,0
3098,james lee witt,1
3101,james maxwell,1
3102,james meredith,0
3103,James Mitchum,0
3106,james morrison,0
3109,James Packer Australia's richest man,0
3110,james russell,1
3114,James Taylor Discography,0
3115,James Todd Smith clothes,1
3117,Jamie Bulger,0
3122,jan van eyck,0
3124,Jane Austen,0
3129,jane fonda academy awards,0
3130,jane fonda christianity,0
3131,Jane Goodall,0
3133,jane jacobs,0
3136,janet jackson,0
3138,janine james,0
3139,janine linde,1
3141,Japanese clay golems,0
3143,jarvik,1
3145,jawaharlal nehru,0
3146,jay chou lyrics,0
3148,Jay Haley,1
3149,jay leno,0
3150,Jay Leno -School Record,0
3151,jay leno and cars,0
3154,Jay Leno Retirement Date,0
3156,jay z new music,1
3161,jean piaget,0
3164,jean-paul marat,0
3166,jeanette macdonald movies,0
3170,Jeb Bush,0
3171,jeb bush wife mexican,0
3173,Jeff Buckley,0
3174,jeff conaway,0
3175,jeff foxworthy,0
3182,jeff skunk baxter,1
3184,Jefferson Davis,0
3188,jefferson thomas education,1
3195,Jenna Fischer,1
3199,jennifer connelly- career opportunities,1
3200,jennifer garner,0
3208,jensen ackles + girlfriend,0
3209,jeremy bentham,0
3212,Jermaine Jackson,1
3217,jerry garcia,0
3221,Jerry Lucas,0
3222,Jerry Maguire,0
3233,jessica alba,0
3235,jessica alba's and michael weatherly,0
3236,Jessica Alba's parents,0
3238,Jessica Biel,0
3241,jessica williams bio,1
3246,Jesus illiterate,1
3250,Jet Li,0
3254,Jews believe God died on the cross,1
3261,jim carrey and bewitched,0
3270,Jim Jones The Temple,0
3280,Jimi Hendrix & Stand next to your fire,0
3284,jimmie durante,1
3288,jimmy buffett,1
3292,Jimmy Carter's Siblings,0
3294,jimmy connors tennis pro bio,0
3297,jimmy hoffa,0
3299,jimmy hoffa life,0
3302,jimmy page bands,0
3303,jimmy swaggart story,0
3310,JOAN JETT LESBIAN,0
3311,joan of arc,0
3312,joan rivers,0
3314,joanna noelle levesque,1
3320,JOE ARPAIO Sheriff AZ,0
3322,joe frazier's daughter,0
3323,joe louis,0
3324,joe montana,0
3325,joe morgan,1
3326,joe orton,1
3328,joe rogan,0
3333,joel the prophet,1
3337,joey ramone,0
3342,johannes kepler,0
3345,johhny cash biography,1
3346,john aaron,1
3348,john adams term as president,1
3352,john aubrey,1
3356,john cabot,0
3360,john carter cash,0
3362,john cena history,0
3363,John cena. custom,0
3364,john clare,1
3365,John Coltrane,1
3367,john cusack,0
3368,john dalton,0
3374,john dewey method,0
3377,John Donne,0
3380,john elway,0
3386,John Foster Dulles,0
3389,john glenn,0
3394,John Hanson's biography,0
3395,John Henry Bonham,0
3403,john keegan on david irving,1
3410,John Lennon hit song,1
3412,John Locke,0
3413,John Locke's State of War Interpretation,0
3418,John McCain,0
3421,john merrick,1
3424,john napier,0
3425,John Nash,1
3428,john norman,1
3429,john on patmos,0
3430,john patrick shanley,1
3433,john poindexter,1
3436,john saul best book,1
3437,John Serial killer,0
3439,john skelton,1
3440,john smith,0
3441,John Smith Jamestown ships,0
3442,John Stafford Smith,1
3449,john trumbull,1
3452,John Walker Lindh,0
3453,john walsh contact page missing children,0
3454,jOHN wAYNE,0
3460,john wesley hardin,0
3462,john winthrop,0
3471,Johnny Cash,0
3476,johnny cash drug use,0
3478,JOHNNY CASH HURT ALBUM,0
3481,johnny cash picture,0
3482,johnny cash the carpenter,0
3487,Johnny depp's girlfriend,0
3490,Johnny Mercer Songs,0
3494,johnny unitas,0
3497,johnson v california dissents,1
3515,Jonny Cash's wife,0
3517,Jorge Luis Borges,0
3519,Josef Stalin,1
3520,Joseph butler,1
3524,joseph fiennes,0
3526,joseph heller,0
3533,josephine baker,0
3535,josephus flavius,1
3537,Joshua Reynolds,0
3538,Josie Maran,0
3540,joss whedon my space,0
3542,joyce carol oates,0
3543,Joyce Kilmer,0
3545,juanita jordan and michael jordan,0
3546,Judas,0
3547,Judas kiss painting,0
3548,Judd Nelson,0
3550,judge judy,0
3556,Julia Child,0
3557,julia howe,1
3558,julia louis-dreyfus,0
3559,julia roberts,0
3561,julian beever,1
3562,Julian Beever official page,0
3566,Julianna Rose Mauriello,0
3567,JULIE ADAMS,0
3569,juliet huddy and dave salmoni,0
3572,julius caesar coin images,0
3574,Julius Caeser,1
3575,Julius Ceaser and Octavian coins,1
3580,june carter cash,0
3591,justin timberlake,0
3592,Kaavya Viswanathan,1
3596,kale kahne,0
3598,kant,0
3605,Karen Armstrong,0
3606,karen armstrong author,0
3608,karen lamm,1
3609,Karl Malone,0
3613,Karl Popper and the 20th century,0
3614,karl rove,0
3615,karla executed in Texas,1
3617,kate beckinsale,0
3621,Katharine McPhee,0
3623,Katharine McPhee over the rainbow,0
3627,katherine mcphee,1
3629,katherine mcphee mother dress,1
3633,kathleen kennedy,0
3634,Kathleen Sebelius,0
3637,Kathy Griffin,0
3638,kathy griffin divorce,0
3640,katie couric,0
3647,Kazushi Sakuraba,0
3648,keanu reeves Marshall Michigan,1
3651,keeley hazel,1
3653,keeping up appearances,1
3654,keira knightly,1
3664,kelly clarkson,0
3666,kelly clarkson won with song,0
3673,Kelly Rowland - My Story - Release Date,1
3674,kelsey grammer,0
3681,kenan and kel,0
3688,kenny g,1
3694,kent beck,1
3700,kevin hill,1
3702,Kevin Mitnick,0
3711,Khamtai Siphandon,1
3713,kid a lyrics,1
3714,kid icarus,0
3717,kiefer sutherland,0
3718,kiki dee,1
3719,killer instinct 1 snes video game moves,1
3723,Kim Il Sung,0
3726,kim possible com,0
3728,Kimba the White Lion,0
3734,king Christian,1
3736,king david heirs,1
3742,King herod the great,0
3744,King Hussein's wife,0
3748,king lear,0
3749,king louis ix,1
3750,king louis xii,1
3758,king richard,0
3760,king richard the first,0
3763,king solomon proverbs,0
3764,king tookie,1
3775,kipling,0
3776,Kirby Puckett,0
3781,Kitty + rape,1
3785,klee,0
3788,kobe bryant,0
3790,kobe bryant's wife,0
3795,kool keith,0
3796,Kool Moe Dee,0
3797,koontz most sold,0
3799,Kovalevskaya,1
3800,kristin chenoweth,0
3805,kucinich,0
3815,Kuznets Curve,0
3820,La Boum the movie,1
3824,La Senora Cornelia,1
3825,la traviata,0
3827,Lachlan Macquarie,1
3838,lance bass,0
3839,lance james,1
3843,Laplace,0
3845,largest city in the USA,1
3848,Larry Bird retirement,0
3850,Larry La Prise,1
3852,larry walters balloons,0
3855,last names in the Da Vinci Code,0
3859,latest on the natalee holloway case,0
3860,laura bush,0
3863,laura lye,0
3864,Laura Welch Bush was born,1
3870,Laurie Anderson videos,0
3873,Lauryn hill Lyrics,1
3874,lautenberg act,0
3877,layne staley,0
3885,lebron james in high school,0
3890,lee tae hee,0
3892,left behind sequel,0
3893,legal guardian,0
3895,legs diamond,1
3898,Lemony Snicket/ Daniel Handler,0
3899,Lenin,0
3902,lenny kravitz and lisa bonet,0
3907,leona helmsley,0
3910,leonard kleinrock,1
3911,Leonardo,0
3912,leonardo da vinci,0
3914,leonardo da vinci as a youth,0
3915,Leonardo Da Vinci Inventions,0
3918,leonardo da vinci paintings,0
3919,Leonardo Da Vinci's inventions,0
3923,Leonardo DaVinci bio,1
3927,LEONARDO DAVINCI WORKS,1
3930,Leonardo's flying machine,0
3931,leonardo's notebooks (florence italy),0
3932,leonid kravchuk,1
3937,les hallesnew york,0
3944,Levi Strauss,0
3947,Lewis and Clark Expedition,0
3950,lewis puller,1
3952,lex luger,0
3955,liberace,0
3956,liberty statue in paris,0
3959,Life Is Beautiful,1
3962,life of gloria vanderbilt,1
3965,life of pi,0
3966,Life on Sutter's Fort,0
3967,Lifetime Statistics for Babe Ruth,0
3968,liger,0
3971,lil bow wow,0
3975,lilies of the valley,1
3980,Linda Ellerbee,1
3981,linda hamilton terminator two,0
3989,linus pauling,0
3994,liquid television,1
3995,liquid television Aeon Flux,1
3996,Lisa Beamer,1
4000,lisa loeb,1
4001,Lisa Marie Mars Attacks!,0
4003,list famous musical,1
4006,list of books written by Roald Dahl,0
4010,list of songs from Hunky Dory,0
4011,listen to breakfast at tiffany's,0
4014,literary themes notes from the underground,1
4019,LITTLE NEMO FLIP,0
4020,little red book +mao,0
4022,liv tyler,0
4024,lizzie borden history,0
4025,Lizzie McGuire,0
4027,ll cool j,1
4033,Lohengrin,0
4037,lonnie johnson,0
4039,looney tunes,0
4041,Lord High Queen Anne,1
4042,Lord of the Flies,1
4043,Lord of the Flies book,0
4047,Lorena Bobbitt,0
4048,lorraine hansberry,0
4054,Lothair,1
4055,lou diamond phillips,0
4056,LOU GEHRIG'S FAREWELL SPEECH,0
4057,Lou Gherig,0
4059,Louis Allen Rawls,1
4061,Louis Braille,0
4064,Louis IX of France; Saint Louis,0
4066,louis mckay billie holiday,0
4074,Louis XIV (France,0
4077,louisa may alcott,0
4083,lu xun,0
4085,lucielle ball biography,1
4094,Lucy Liu,0
4101,luis carroll,1
4105,luther tribute albums,1
4110,lynn holmes baton rouge,1
4112,Lyrical Ballads by William Wordsworth,0
4114,Lyrics to fairly odd parents,0
4116,Lyrics to John Lennons' 'Ballad of John and Yoko,0
4118,Lyrics to ROGERS NEIGHBORHOOD Theme Song,0
4120,M. C. Hammer,1
4121,ma barker,0
4122,mac dre,0
4123,Mac Hall,1
4125,macbeth,0
4129,macho man randy savage,0
4131,mackinnon- women's lives under men's laws,0
4132,macross max sterling,1
4134,MAD LIB GAMES ONLINE,1
4138,Madden Football 2007,1
4139,madeline albright,1
4151,Mahmoud Abdul Rauf nba,0
4153,Maila Nurmi,0
4159,malcolm x,0
4160,malcolm x and muhammad ali pictures,0
4162,malcolm x real name,0
4163,Malcom X,1
4170,mandela,0
4173,mandy moore,0
4174,mandy musgrave days,1
4176,mandy wyman,1
4180,Manmohan Singh,0
4182,manu chao lyrics,0
4188,map of german settlers,1
4191,mar logo resort (trump),1
4196,marc chagall,0
4201,marco polo,0
4202,marco polo and explorers,0
4208,margaret and benedict arnold,0
4209,margaret atwood,0
4212,margaret sanger,0
4217,marguerite of valois,0
4218,maria bartiromo,0
4225,marie osmond,0
4231,Marilyn Manson Wikipedia,0
4235,marilyn vos savant,1
4237,mario superstar baseball,1
4238,Mario Vargas Llosa,0
4243,Mark Antony's life,0
4251,Mark Shields,1
4254,mark spitz,0
4255,mark twain,0
4256,mark Twain newspaper article,0
4262,marky mark,1
4263,MARLEE MATLIN,0
4264,marlon richards,1
4266,mars revolutions,1
4270,martha alice hageman mason,1
4271,martha stewart,0
4275,martin carthy,1
4279,martin mcdonagh,0
4280,martin seligman,0
4289,MARVIN HARRISON,0
4293,mary Cassatt the child's bath,0
4303,mary magdalene,0
4308,Mary Renault,1
4310,Mary Todd Lincoln,0
4311,mary todd lincoln colleges,0
4313,Mary Tyler Moore,0
4318,mask,0
4321,massenet,1
4325,match point woody spoiler,1
4328,Matisyahu,0
4330,MATT DILLON,0
4333,matt lauer marriage,0
4334,Matt Stone creator of south park,0
4335,Matthew Broderick,0
4336,matthew cooper,1
4338,Matthew McConaughey,0
4340,matthew the kingdom of God,0
4342,maude,0
4343,maupassant,0
4345,Maurice Sendak,0
4347,Maus characters,0
4348,max baer,0
4349,Max Ernst,0
4355,max weber sociologist,1
4357,MAXIMILIAN,0
4361,maya angelou love poems,0
4362,maya the bee,1
4368,mc hammer,1
4372,mcenroe,0
4373,McGovern and 1972 political campaign,0
4374,mcgwire,1
4375,mckinley assassination,1
4379,McVeigh,0
4384,medgar evers,0
4386,Meg Ryan trivia,1
4391,Mel Ferrer - audrey hepburn,0
4394,melanie griffith,0
4403,mendel's principles,0
4404,Menem Government in Argentina,0
4407,Menotti's opera The Consul,1
4409,Menotti's The Consul,1
4412,meta bee metabots,1
4415,metallica with rick rubin,0
4416,Metroid,0
4418,mexican entertainers,1
4419,mia hamm,0
4420,Mia Zapata,0
4430,Michael Dukakis,0
4433,Michael Jackson,0
4435,michael jackson's thriller album,0
4438,michael jordan birth,1
4439,michael jordan video,0
4440,michael jordan wearing number he retired,1
4448,michael young director,1
4449,micheal jordan,0
4450,Micheal Jordan stats,1
4452,Michelangelo,0
4453,michelle bachelet,1
4454,michelle kwan,0
4456,michelle yeoh,0
4457,michigan governor's mansion granholm,0
4458,Mick Jagger,0
4465,mighty mouse,0
4470,Mike Dirnt,0
4472,mike nichols,0
4473,mike oldfield,0
4480,mikhail gorbachev,0
4483,million little pieces summary,1
4488,milton's paradise regained,0
4491,minnie pearl's fried chicken,0
4501,Misty May-Treanor wikipedia,0
4505,Mitt Romney,0
4508,moby when it's cold,0
4509,model 1895 machine gun,0
4519,monet subject,0
4526,montessori,0
4529,morgan freeman,0
4533,moses,0
4540,Mother Teresa,0
4542,mother tersea,1
4547,movie angel heart,0
4548,Movie on History of Statue of Liberty,0
4551,movie star Ruth Gordon,0
4559,Mozart's piano sonata,0
4561,Mozart's piano sonata in C Major,0
4562,Mozart's piano sonata in C Major Rondo,0
4564,mr onassis,0
4565,MR ROPER,1
4568,MTV and MTV and Blender Magazine 's countdown of  The 22 Greatest Voices In Music,0
4574,mtv original logo,1
4578,Mugen Samurai,1
4585,Muhammed Ali,1
4587,muller vs. oregon supreme court case,1
4588,munch scream,0
4592,murasaki,0
4596,muschel,1
4601,mussolini,0
4602,mussolini in WWII,0
4603,Mussolini's children,0
4609,mya,0
4610,myrna loy nude,0
4611,myron cope,1
4618,Nadia Petrova,1
4619,nakashima mika,0
4620,naked gun 4,0
4622,naked newscast,1
4626,Nancy Barbato Sr.,1
4628,nancy grace law school,0
4633,nancy spungen,0
4634,nanook of the north,0
4635,naomi campbell pictures,0
4641,nascar adam petty,0
4644,Nat King Cole Mona Lisa Lyrics,0
4648,natalee holloway,0
4650,natalie holloway,1
4658,nathaniel hawthorne views,0
4660,NATO,0
4662,nature proverbs,1
4663,naveen andrews,0
4664,nbc early morning talk show hosts,1
4666,nefertiti,0
4671,neil armstrong's children,0
4676,neil stephenson,1
4689,nena music,0
4692,neon genesis manga,0
4693,neptune fountain,1
4700,neustadt and the presidency,1
4707,new tupac video,0
4713,new york comedy clubs under 18,1
4715,new york population size wikipedia,0
4717,New York Yankees and New Jersey Nets 1999 merger,0
4718,newlywed game,0
4720,newton,0
4721,nfl match up,1
4724,Nicaraguan Contras,0
4725,nicholas and alexandra,0
4729,Nick Drake,1
4730,nick drake northern sky lyrics,1
4734,nickelodeon & doug & honker,1
4735,nickname of the british general who defeated napoleon at waterloo,1
4742,nicole kidman,0
4743,nicole kidman wikipedia,0
4745,nicole ritchie,1
4750,nigel kennedy,1
4752,nighthawks,0
4753,nighthawks by hopper,1
4755,Nike of Samothrace Goddess of Victory,0
4756,nikita khrushchev,0
4759,nikki sixx,0
4763,nina simone,0
4764,nine student nurses was in court today,1
4765,nineteen,0
4770,Nixon Nitration Works,1
4772,nixon views on human rights,1
4773,nixon's resignation,0
4776,noah,0
4780,non blondes what's up singer linda perry,0
4782,Nora Roberts,0
4783,Norah Jones Billboard chart,0
4786,norman rockwell's studio,0
4787,north by northwest hitchcock,0
4790,Nosferatu Alucard,0
4791,nostradamus,1
4792,nostradamus prophecies,1
4795,Notes from the Underground,0
4802,numa,1
4808,numb3rs,0
4810,numbers puzzles,1
4811,Nuthin but a G Thang contains a sample from,0
4812,nwa sting pictures,1
4813,Octavio Paz,0
4818,Oedipus Rex,1
4823,Office Space,1
4830,old mtv programs,1
4832,Oliver Goldsmith,0
4833,oliver hazard perry,0
4838,Olivia DeHavilland,1
4840,Omar Bashir,1
4842,Omar Sharif,0
4849,one hundred years of solitude,0
4851,one night in paris,0
4855,opening for final fantasy 7,1
4858,Oprah Winfrey Montecito,0
4859,Oprah Winfrey Montecito estate,0
4861,orfeo ed Euridice,1
4863,origen,0
4864,orion pictures,0
4866,Orson Welles,0
4871,OSAMA BIN LADEN PICTURE,0
4878,Oscar Wilde scandal,0
4882,otis redding try a little tenderness,0
4885,our gang,0
4890,over the brazier robert graves,0
4891,ovid and the ages of the world,1
4896,paavo nurmi,0
4910,Pam Smart,1
4915,pamela turner photos,1
4916,paolini empire wikipedia,0
4917,papers on the hobbit,0
4918,Paracelsus,0
4920,parasite eve movie,0
4922,Paris Bennet,1
4923,paris bennett,1
4927,paris hilton carl jr sales,0
4929,parkman+francis,0
4931,PASTEUR,0
4938,Pat Morita,0
4940,Patchen,1
4943,PATRICK HENRY,0
4944,Patrick Kennedy rape case,0
4946,patrick moore xylophone,0
4947,Patrick Stump,0
4948,patsy cline,0
4952,patti smith,1
4955,Paul Bernardo and Karla Homolka,0
4957,paul castellano,0
4959,Paul Hackett,1
4961,paul heyman,0
4963,paul klee biography,0
4967,PAUL McCARTNEY'S CHILDREN,0
4969,paul oakenfold,1
4971,paul revere,0
4975,paul simon,1
4978,paul tsongas,1
4979,paul verlaine,0
4982,paul wall married,1
4985,Paul's second missionary trip,0
4986,paula abdul,1
4988,Paula Abdul wikipedia,0
4990,paula jones,0
4996,payne stewart,0
4997,paz vega,0
5004,pedro de alvarado,1
5006,pedro pires,1
5008,Peer Gynt Suite,0
5015,Percival Pott,1
5019,pericles art,0
5020,PERRY FARRELL REV,0
5023,personality tests,1
5024,personality traits in people,0
5026,pet sounds,1
5034,peter benchley,1
5038,peter frampton,1
5040,peter gabriel song list,0
5043,peter iii of russia,0
5044,peter jennings,0
5045,peter max,1
5046,peter pan,0
5047,Peter Pan's Tiger Lily,0
5052,Petticoat Junction,0
5055,pgr3 speedpack,1
5056,phantasy star online,0
5058,phantom of the opera the book,1
5059,pheidippides,1
5060,phelps,0
5067,phil knight,0
5072,philip johnson,0
5074,PHILIP MICHAEL THOMAS,0
5076,pHILIP ROTH,0
5079,phineas gage,0
5085,Piaget,0
5091,picket fences cbs tv,1
5093,picnic war,0
5094,pics Katherine McPhee,1
5095,picture lord farquaad,0
5101,pictures adam sandler wife,0
5103,Pictures of a knight's weapons,0
5110,pictures of heidi and seal at events,1
5115,pictures of malcom x,1
5119,pictures of stone wall jackson's family,1
5120,pictures of the artist leonardo da vinci,0
5121,pierre bourdieu on language,0
5125,pigeon feathers updike,1
5126,pimp my ride,0
5127,pimp old cars,1
5133,pinochet,0
5138,plan of attack,1
5145,plato meno,0
5148,Plato's written work the Gorgias,0
5151,Play Deal or no deal,1
5152,play the price is right gameshow online,1
5153,pliny,0
5157,poems of attar,1
5158,poems Shakespeare ' to be or not to be ',0
5159,Poet named Pound,1
5160,Poetry by Bob Dylan,0
5165,police academy,0
5168,pompey italy,0
5171,pontiac indian,1
5172,poopy joe .com,1
5175,Pope after Julius II,0
5184,pope john paul the second,0
5186,Pope Leo,0
5188,Pope Paul of Greece,0
5191,Pope XXI,1
5192,popeye,0
5195,popeye the sailor pictures,0
5197,porgy and bess,1
5198,porn star nina hartley,0
5203,post impressionist,1
5206,power ranger seasons,1
5209,power rangers day of the dumpster,0
5214,Pramoedya Ananta Toer,1
5215,prc pack neverwinter,1
5217,prescription look up,1
5220,President Carlos Arana,1
5223,president jefferson davis on slavery,1
5227,President Mahmoud quotes,1
5230,president of nicaragua,1
5235,PRESS YOUR LUCK,0
5237,pretty women richard gere,0
5239,price is right theme music,1
5245,prince of persia,0
5250,prince william windsor,0
5251,princess alia of jordan,1
5254,printable mad libs,1
5256,priscilla presley,0
5260,Prometheus Bound,0
5262,Protestant ethic,0
5264,Proulx,1
5268,Psalms,0
5271,puberty,0
5272,puckett kirby,1
5274,Pumping Iron,0
5275,pursuit of liberty goldwater,1
5276,pvp,1
5277,pythagoras,0
5278,pythagoras of samos,0
5279,pythagoras school,1
5280,Pythagorean,0
5286,queen elizabeth,0
5288,queen elizabeth 2,0
5294,queen elizabeth II,0
5295,queen elizabeth II of england,0
5299,queen nefertiti,1
5304,quick fights by ali,1
5307,Quintilian,1
5323,radio - sky king,1
5325,Rafael Palmeiro,1
5331,ralph fiennes,0
5336,Ram Mohan Roy,0
5338,randolph scott and cary grant,0
5339,randy california,1
5345,randy johnson,0
5346,Randy Savage,0
5349,Raoul Wallenberg,0
5352,rapper curtis blow,0
5353,rashid wallace,1
5354,rasputin,0
5357,Ray Bradbury's Body Electric,0
5358,Ray Charles,1
5363,ray mcgovern,1
5370,Reagan Alzheimer presidency,1
5371,real cyrano de bergerac,0
5373,Reasoner,1
5374,rebecca loos,0
5380,redman,0
5384,REGAN BOOKS,1
5385,Reggie Bush,0
5394,RENT MUSICAL,0
5396,reproduction in plants where do seeds form in the plant,0
5400,respighi,1
5405,revelation god leaves earth,1
5406,Review of Age of Innocence,1
5409,ric ocasek,1
5410,ricardo mayorga,0
5413,rich hall,0
5416,richard branson,0
5417,Richard Carrier,1
5419,Richard Cromwell ####-####,0
5422,richard III,0
5423,richard m nixon,0
5427,richard meier SOM,1
5428,richard nixon,1
5437,Richard Rodgers,0
5439,richard sandrak,0
5440,richard simmons,0
5442,Richard Simmons Sweatin to the Oldies series,0
5443,Richard Speck,0
5446,richard thomas,1
5447,richard wagner,0
5452,rick james,0
5454,rick nelson,1
5457,Rick Sutcliffe,1
5462,rigoletto,0
5463,Rihanna,0
5464,rihanna born,0
5466,Rime of the Ancient Mariner summary,0
5470,rita cosby,1
5472,rita rudner,1
5474,rivaldo,0
5475,riven,0
5479,rob aston tim armstrong travis barker,0
5489,Robert Byrd,0
5493,robert frank photographer,0
5501,ROBERT LINCOLN,0
5505,robert marley,0
5507,Robert McNamara,1
5512,Robert Nesta Marley,0
5515,Robert P. Hanssen,1
5516,Robert peary,0
5520,robert ripley,1
5521,robert schumann,0
5525,Robert urich,0
5527,roberta flack,1
5530,roberto clemente,0
5533,robin williams,0
5536,Robot Chicken,0
5538,robot chicken theme song,1
5539,robot wars,0
5540,Robotboy,1
5541,robotech,1
5545,rock hudson and aids,1
5547,Rock the Joint Jimmy Preston,1
5548,rockefeller,0
5552,rocky marciano,0
5554,rod roddy,1
5555,rod serling,0
5556,rod stewart,1
5560,rodney king,0
5561,Roger and Mary Miller,0
5564,roger daltry,1
5565,roger maris,0
5567,roger maris history,0
5568,roger penrose microtubules,1
5571,roger waters official,1
5572,ROLAND THE PERSON,1
5574,romanesque art examples,1
5575,romeo & juliet clothing,1
5580,Romeo Montague was banned from,1
5582,romulus and remus,0
5584,Ron Artest K1X,0
5587,ron hyatt,0
5588,Ron Mueck,0
5589,Ron Perelman,1
5591,Ronald Reagan,0
5595,ronald winans,1
5601,rooney,0
5603,rosa louise mccauley parks (####-####) African,0
5608,rosa parks jesse jackson,0
5613,rose marie kennedy,0
5617,roseanne daughter,0
5618,ROSETTA STONE,0
5619,Rosetta stone ( egypt,0
5623,ross perot time to clean out the barn,1
5624,rostand,1
5626,roulette wheel standard,1
5627,Rousseau,0
5631,Roy Clark boxer,0
5632,ROY COHN,0
5634,Roy London,1
5636,roy rogers,0
5639,rtf format,1
5650,rudy giuliani,1
5653,rules to sudoku,1
5656,rumsfeld education,1
5663,Rupert Grint,0
5665,russ hodges the yankees win the pennant the yankees win the pennant,1
5667,russell simmons,0
5671,ryan reynolds alanis morissette,0
5672,ryan seacrest,0
5677,s. robson brother john walton,0
5681,Sacha Gervasi,0
5683,Saddam Hussein picture,0
5686,sage francis,1
5690,Saint Augustine,1
5694,saint justin martyr,0
5696,saint peter,1
5698,Saint Stephen,0
5701,Saint Vincent De Paul,0
5708,salma hayak,0
5711,salvador allende,0
5715,sam elliott,0
5716,sam houston,0
5722,same game,1
5726,Samuel Beckett,0
5728,samuel coleridge,1
5730,samuel k doe,1
5731,samuel taylor coleridge,0
5733,samurai jack,0
5739,sandy koufax,0
5745,Sara Teasdale,1
5758,saturday morning cartoons,1
5762,SATURDAY NIGHT LIVE HORATIO SANZ,0
5763,saturday night live muppets,0
5767,Saved by the Bell,0
5768,saving private ryan,0
5772,scarface & rapper,1
5775,scatman john,0
5776,schelling,1
5777,schiavo,0
5778,Schindler's business partner,0
5780,scholl sophia,0
5782,schopenhauer,0
5785,Schumann,0
5786,schwartz residence frank lloyd wright,0
5788,scott bakula,0
5789,scott hall and kevin nash,0
5800,sean combs,1
5805,sean paul from the youngbloodz,0
5807,sean preston federline,0
5810,sean young,0
5811,sean young actress,0
5813,search for eichmann,0
5814,Searching for Jerry Garcia,0
5818,second life,1
5819,second president assassinated,1
5823,secretary of state james baker,1
5827,selena,0
5828,selena quintanilla,0
5830,seleucus,0
5834,senator fred thompson,1
5835,Senator John Danforth,1
5836,Senator Joseph McCarthy,1
5837,Senator Kentucky,1
5838,Senator Kerry,1
5839,Senator McCarthy,1
5841,senator representing maryland,1
5842,senator tower,1
5845,sequoyah history life,0
5846,serena williams premiere of after the sunset,0
5847,Serge Gainsbourg,0
5848,sergey brin,0
5849,series finale of seventh heaven,0
5853,Seven Ancient Wonders,0
5858,shaggy and scooby doo picture,0
5860,shaggy/scooby doo,0
5866,Shakira music list,0
5867,Shane Edouard Haboucha,1
5870,shane west,0
5875,sharon stone,0
5884,sheena easton born,1
5887,shell shock,0
5889,Shibuya,1
5893,shirley+temple+black,0
5895,shogi wikipedia,0
5897,short stories by albert camus,0
5898,short stories by Mark Twain,0
5905,sidney sheldon,0
5907,Sienna Miller,0
5910,Sigmund Freud,0
5915,Simon Cowell biography,0
5917,simon fuller,0
5926,siouxsie sue and the banshees,1
5931,Sir Geoffrey Howe,1
5932,sir isaac newton,1
5935,sir walter raleigh quotes,1
5936,Sir Winston Churchill,0
5937,Sirhan Sirhan,0
5939,sissy spacek,0
5940,sisyphe mythology,1
5941,Sisyphus's punishment in myth,0
5945,six time art ross memorial trophy winner,1
5963,Snes game genie codes Chrono Trigger,0
5964,SNL cast 1985,0
5967,snoop dog music,1
5970,SNOOP DOGG SOUND TRACK,0
5972,SOBEN HUON,1
5984,Somoza,1
5985,sondra locke,0
5986,song feelings 1975,1
5991,SONGS BY DOLLY PARTON,1
5994,SONGS WRITTEN BY DOLLY PARTON,0
5998,Sonny James,1
6004,sophocles,0
6006,Soprano's TV program,0
6008,soraya,0
6010,Soul Train,0
6016,South Park the cartoon history,0
6024,spanish priest who opposed the conquistadors,1
6032,sperm,0
6034,sperm cell structure,0
6035,spike lee,0
6036,spike race broadcast,1
6038,spiro agnew,0
6045,spongebob squarepants,0
6050,spud webb,0
6059,St. Mary Magdalene shrine,0
6061,St. Thomas Aquinas,0
6065,stalin,0
6067,Stan Lee marvel comics,0
6074,star fox 64,0
6075,star gate dvd season 9,1
6077,star wars holiday special download,0
6078,STAR WARS KID,0
6084,Statue of Liberty history and pictures,0
6085,Statue of Liberty Made out of,0
6087,Steinbeck,0
6091,Stephen Chow,0
6094,stephen crane critics,0
6097,stephen hawking,0
6103,Sterling Hayden,0
6105,Steve Clark,0
6107,Steve Dallas Bloom,1
6108,steve def leppard died,0
6110,steve harvey,0
6119,steve nash,0
6120,steve nash phoenix suns,0
6121,steve reeves,0
6123,Steve Wozniak's net worth,0
6126,steven biko,0
6128,steven colbert video,0
6149,Stonewall Jackson pictures back in the 1861,0
6151,story of two mother of solomon's time,0
6156,street fighter 2 for super nintendo move list,0
6159,strother martin,0
6165,sudan rebel leader,1
6167,sudoku help,1
6172,sudoku solutions,1
6174,sufjan stevens christian,0
6176,sugar ray robinson,0
6177,suge knight,0
6182,Summary of Descartes Meditations,1
6184,Summary of the vanity of human wishes,1
6187,sunday silence the race horse,1
6188,Super Mario 64,0
6190,super monkey,1
6191,superman/brandon routh,0
6196,susan powter,0
6198,SUSAN SARANDON FILMS,0
6199,susan smith,0
6212,synopsis of steel magnolias,0
6213,syrian folk legend,0
6215,tacitus,0
6216,tacitus quote,1
6219,tacoma washington bridge disaster,0
6221,taguchi,0
6224,tales of phantasia,0
6228,tallulah bankhead,0
6230,tammy faye baker,0
6232,tammy wynette and george jones song,0
6234,tank girl,0
6235,tanya haden,0
6236,tanya harding sex video,1
6243,taupin bernie,0
6246,taylor hicks bio,0
6247,taylor hicks biography,0
6248,taylor hicks birmingham alabama,0
6254,taylor hicks tuesday performance,0
6255,taylor hicks wikipedia,0
6264,ted danson sitcom,0
6266,ted kennedy plane crash,0
6268,ted nugent wikipedia,0
6269,ted nugent's band,0
6272,ted williams family,0
6276,Tekken,0
6281,teletubbies tubby toast,0
6282,television series producer Daniel McPhee,0
6283,telly savalas,0
6284,temple grandin,0
6285,ten little injuns,1
6288,Tennessee Williams,0
6293,terrell owens eagles contract,0
6296,terri shiavo,0
6301,Terry McMillan,1
6310,text lottery shirley,1
6312,thandy newton,1
6318,the art of war wikipedia,0
6321,the baldwin brothers,0
6323,the beets from doug,1
6328,the birth of julius caesar,0
6329,the blair witch,1
6333,the book of joel,1
6335,the book of lamentations,1
6337,THE BOOK OF MICAH,1
6340,the book The Ugly American,1
6343,the carpenters music,0
6347,The Charmed Season Finale,0
6349,the church used in 7th heaven,1
6350,the Colbert report,0
6353,the constant gardner,1
6354,The Count of Monte Cristo,0
6356,The Cunninghams,1
6359,the da vinci code box office record,0
6360,the dark crystal sequel website,0
6361,The Dark World by Henry Kuttner,1
6362,the day the world revived yasunori mitsuda,0
6367,the destructors- graham greene,0
6368,The Diary of Anne Frank,0
6374,The epistle of Paul to the Corinthians,0
6375,the exorcism of emily rose,0
6377,the far side,0
6378,the fast and the furious game,0
6380,The formation of NATO,0
6384,the ghost in the shell stand alone complex 2nd gig theme song,0
6386,the giver,0
6387,the godfather,0
6388,the godfather iii,1
6390,The Godfather-wikipedia,0
6391,the gospel according to Mary Magdalene,0
6398,the hart foundation wrestling,0
6407,the invisible man movie,0
6413,The life and works of john Donne,0
6415,The Lion King Characters,0
6417,The Lorax,0
6419,the lord of the rings the elven alliance,0
6420,The Lord Of The Rings: Novel,0
6422,the lost generation of writers,0
6423,the man in the brown suit by agatha christie,0
6424,the man show,0
6428,the maury show,1
6436,The Mysterious History of Columbus,1
6439,The Night Cafe By Vincent Van Gogh,0
6440,The Notebook + Rachel McAdams,0
6442,The Odyssey by homer,1
6443,The Odyssey: A Modern Sequel,0
6446,the only drive through post office is located in what USA city,1
6447,the original 50 cent dvd,0
6450,The Phantom Tollbooth,0
6453,The Pornocracy,1
6454,The president of 1991,1
6459,The Prize by Daniel Yergin,1
6461,The real folk blues free music video (from cowboy bebop),1
6466,the scream,0
6469,the screwtape letters,0
6470,the second time around frank sinatra,1
6472,The Simple Life with Kidman,0
6477,the sneetches and other story,1
6478,the son of man 1964 painting,1
6490,The theory of evolution as proposed by Darwin,0
6491,THe THinker,0
6496,the trial of leona helmsley,0
6497,The tribe of Benjamin,1
6501,the use of light from the proto renaissance to the rococo period,1
6504,the warren supreme court,1
6505,the wayans family,0
6509,the wiz 1975,1
6511,the wonderful wizard of oz book,0
6515,the young and the restless snapper,1
6516,the young rascals- people got to be free,1
6524,theodore roosevelt,0
6527,Theodorus van Gogh,0
6528,Theodosius I Great,1
6532,thirty years' and pope urban,0
6534,thomas a edison pictures,0
6537,thomas carlyle and john nichol and conversion,1
6538,thomas edison,0
6540,thomas friedman,0
6541,thomas friedman c-span,0
6542,thomas gallaudet,1
6546,Thomas Jefferson inaugural address summary 1801,1
6548,Thomas Jefferson restored the style of aristocracy,1
6550,Thomas Kinkade originals,0
6551,Thomas McKean,1
6552,thomas moore,0
6553,thomas moore  poet,1
6555,thomas paine,0
6559,THOMAS STONEWALL JACKSON,1
6562,Thomas the Tank Engine and Friends,0
6576,tiger's contract with nike,0
6579,tim armstrong travis barker,0
6584,Tim McGraw and Faith Hill Songs,0
6590,time bandits george harrison,0
6593,Time magazine man of the year,0
6594,timeline mao zedong,0
6595,times warner inc wikipedia,0
6600,Timothy McVeigh last meal,0
6601,timothy treadwell,0
6602,timur,0
6607,tiso slovakia,1
6612,Titus son of Vespasian,0
6618,tobit,0
6619,toby keith,0
6621,today show weekend edition news anchor,1
6625,todd rundgren,0
6626,todorov,1
6629,TOM BAKER,0
6631,tom brokaw,0
6632,Tom Canty/ the prince and the pauper,0
6633,tom clancy,0
6637,tom cruise biography,0
6639,Tom Cruise's first movie,0
6645,tom green AND bum,1
6646,tom hanks,0
6648,tom Horn,0
6649,Tom Landry + college football,1
6650,TOM LEHRER,0
6652,tom morello,0
6656,tom regan the moral basis of vegetarianism,0
6660,tom sneva,1
6661,Tom Welling History,0
6664,Tommy Lee song and videos,0
6665,tommy mottola,0
6668,toni basil,0
6669,toni braxton,1
6673,tony bennett,0
6676,tony croatto,1
6678,Tony Dorsett,0
6679,tony hawk,0
6680,Tony Hawk's accomplishments,0
6682,Tony Parker album,1
6684,tony robbins,0
6687,Tonya Harding,0
6695,TORI SPELLING BIO,0
6701,toussaint,0
6702,townspeople inA Rose for Emily,0
6707,tracy and hepburn movies,0
6709,trajan,0
6711,trapp family,1
6713,travis barker,0
6716,travis tritt,0
6717,Treasure Planet,1
6720,triple h,0
6721,triple H theme song,1
6724,Tru Calling,0
6727,Truman Capote pictures,0
6728,truman doctrin,1
6729,truman doctrine,0
6730,tucker carlson,0
6734,tupac shakur,0
6735,tupac shakur biography from life to death,0
6738,Turandot Puccini,1
6741,tv show lost,0
6743,Twenty questions rules,1
6745,twilight zone with Rod Serling,0
6747,Two Kinds by Amy Tan,1
6753,tyson,0
6755,ultima online,0
6756,ultraman,0
6759,Uncle Rico pictures,1
6760,under the ivy video kate bush,0
6762,Understanding the Bible's story of Ruth,0
6767,Unwritten natasha \,1
6768,upload of sidney crosby on jay leno,0
6770,Urban country pop star,1
6771,urban II,0
6774,usa channel 4400,1
6777,uss hopper,1
6780,V for Vendetta,0
6787,valo,0
6789,Van Eyck,0
6792,van morrison,0
6794,Vanessa Carlton,0
6796,Vanilla Ice,0
6800,vatican council 2,0
6801,Vatican II,1
6813,vesalius,0
6815,vespucci south america,0
6816,veterans of the korean conflict,1
6820,vicky lamotta,1
6825,victor french,0
6829,victoria secret stats,1
6830,vida guerra,1
6837,ville hermanni valo,1
6839,vince gill,0
6840,Vince McMahon,0
6843,vinod khosla,0
6844,Virgil,0
6850,vivien thomas,0
6855,voltaire,0
6858,von trapp kids names,0
6864,walden three,1
6865,waldo pepper world war pilot,1
6866,walk the line,1
6871,walt disney biography,0
6880,waltrip 99 car,1
6883,War and Peace by Leo Tolstoy,0
6886,ward,1
6893,warren buffett,0
6894,warren jeff,1
6896,warren jeffs texas,0
6897,warren william,1
6898,Warren Zevon,0
6904,washington's term as president,0
6906,watch desperate housewives episodes season 2,0
6910,watts towers,0
6912,wayans,0
6913,wayne gretzky,0
6914,wayne rooney,0
6915,wayne shorter,0
6919,we don't talk any more cliff richard,0
6924,ween,0
6929,what are spongebob cars called,1
6932,what did winston churchill do,1
6936,What impact did writing of John Lock have on the revolution?,1
6946,What is NAT,1
6953,what is the history of the book of proverbs,0
6954,what is the life of Pi about?,1
6955,What is the name of Elton John's current Vegas show,0
6959,what is winged victory,0
6960,What male tennis player won Australian Open in 2000,1
6962,what pitcher threw the fastest,1
6963,What president did Jason Robards play in The Legend of the Lone Ranger?,0
6964,what president is on a silver $2,1
6966,What team did Kareem Abdul-Jabbar play for?,0
6970,what type of genre is the giver by lois lowery,0
6971,What was boxing like in 18th century England,1
6975,what year did michael jordan make his first shoe,1
6976,what year did wheel of fortune game show start?,0
6980,wheel of fortune,1
6982,when and where jennifer love hewitt was born,1
6983,when boxers are traINING THEIR OPPONENTS ARE CALLED WHAT,1
6984,when did babe ruth hit home run 714,1
6985,when did jimmy carter died,1
6986,when is the soprano's season 6 finale,0
6992,When was the book of ezekiel written,1
6993,When was the book of Jeremiah written,1
6994,When was the prophet Elijah born.,1
6998,where did Alexander the Great came from,1
6999,Where did Bill Clinton Attend Law School,1
7001,where does rush limbaugh live?,0
7002,where is big love filmed,1
7003,WHERE IS JIMMY HOFFA,0
7005,where Kobe Bryant went to school,0
7007,where the wild things are book,0
7008,Where was Fantasy Island filmed,1
7009,where was jimmy carter born,0
7010,where was nasser in 1953,0
7014,whig party high taxes,1
7017,whitney houston clive davis new album,1
7018,WHITNEY HOUSTON IN THE STUDIO 2006,0
7020,Who are Domenikos Theotokopoulos family relatives?,1
7021,who are the producers of the price is right,0
7032,WHO IS HOFFA,0
7034,who is jimmy hoffa,0
7045,who is the half blood prince,0
7051,who painted portrait of a musician,1
7053,who played spanky in our gang,0
7055,who respected jackie robinson?,1
7057,who shot lee harvey,0
7061,Who was General Washington's friend from France,1
7062,Who was Gypsy Rose Lee?,0
7065,Who was John Phillip Sousa,1
7067,who was leonardo da vinci?,0
7069,who was mary magdalene?,0
7071,Who was Rehoboam,1
7077,Who's That Knocking at My Door (a film),1
7083,wife of winston churchill,0
7084,wiggles,1
7086,wikipedia 1969,0
7087,wikipedia antihero,0
7089,Wikipedia Batman,0
7095,wikipedia cowboy bebop,0
7097,wikipedia doctor who (2005),0
7103,wikipedia george washington,0
7104,Wikipedia Gone with the Wind,0
7106,wikipedia knight rider,0
7108,wikipedia manson,0
7114,wikipedia ridley scott,0
7116,wikipedia trailer park boys,0
7117,wikipedia truman capote,0
7121,Wilder,0
7126,will smith's the actor son,0
7129,William Blake,0
7131,william carlos william poem the red wheelbarrow,1
7133,william clark,0
7141,William Ernest Henley,1
7147,william harrison,1
7148,william harvey,0
7150,william james,1
7151,WILLIAM JENNINGS BRYAN,0
7152,william mckinley,0
7154,William Paley,1
7159,William Shatner,0
7160,William Thackeray ,1
7165,WILLIAM WORDSWORTH LYRICAL BALLADS,0
7167,William Wordsworth Tables Turned,1
7171,willkie,0
7174,wilma rudolph pictures,1
7175,Wilmer Valderrama,0
7176,wilson pickett discography,1
7178,windmill animal farm symbol,0
7183,wink encyclopedia,1
7184,winslow homer civil war,0
7188,wizard of oz and emerald city,0
7190,Wolfgang,0
7193,Women in Shakespeare Plays,1
7195,woodrow wilson most famous speech,0
7201,Woody Hayes Gator Bowl,0
7202,woody herman,1
7203,woolf,0
7204,words to spongebob squarepants song,0
7209,World of Warcraft Hacking Tools,1
7211,World of Warcraft West Coast Server,0
7212,World Of Warcraft Wikipedia,0
7215,worlds of warcraft guest pass,1
7216,wormwood,0
7217,worst poet in England,1
7219,wrinkle in time,0
7220,writings by Jack London,0
7222,Wu Jintao,0
7223,wuthering heights,0
7224,wuthering heights what happened,0
7225,wwe victoria,0
7226,WWf legend Mick Foley,0
7227,WWF Summerslam 1998,0
7228,WWF Survivor Series 1994,0
7229,www SUDOKU.com,0
7236,x-men legends dark blob,0
7237,x-pac and chyna sex tape,0
7242,xzibit,1
7243,yahtzee texas holdem score,0
7245,yankees joe torre,0
7247,YAO MING,0
7253,year theodore roosevelt took office,0
7257,YOGI BEAR,0
7260,you are all a lost generation,1
7262,You wrote my life by Hank Williams,1
7265,Yul Brynner,0
7267,yzerman,0
7270,Zacarias Moussaoui case number,0
7272,zaid abdul-aziz,0
7274,zapata,0
7278,zeno citium,1
7287,zone diet,0
7289,zooey deschanel wikipedia,0
7293,zora neale hurston,0
